{
  "category": "Informative",
  "loud_mean": 0.058551233,
  "loud_std": 0.07518595,
  "pause_ratio": 0.4089003431,
  "pitch_mean": 1407.3585,
  "pitch_std": 1014.5365,
  "syllables_per_sec": 4.416152642,
  "spectral_centroid": 4035.090042,
  "spectral_rolloff": 5335.657051,
  "words_per_minute": 150.5,
  "zcr_mean": 0.151318313,
  "mfcc_1": -412.73087,
  "mfcc_2": 65.27368,
  "mfcc_3": -1.3047426,
  "mfcc_4": 4.3274055,
  "mfcc_5": -4.424483,
  "mfcc_6": -4.7077556,
  "mfcc_7": -12.42341,
  "mfcc_8": -16.618635,
  "mfcc_9": -6.161702,
  "mfcc_10": -9.071879,
  "mfcc_11": -4.622205,
  "mfcc_12": -0.75195116,
  "mfcc_13": -1.7746159,
  "spectral_bandwidth": 1677.216022,
  "spectral_flux": 0.94476503,
  "chroma_mean": 0.32123125,
  "file_name": "sample_speech.mp3"
}
